n,seed,beta_mult,g,eta,log_range,max_abs_return,q999_abs_return,q9999_abs_return
5000000,1,2.645106721716812,1.68520494798523,0.2341884778705525,77.00550314706823,1.1632031519443191,0.2736205381865237,0.4895180435425294
