n,seed,beta_mult,g,eta,log_range,max_abs_return,q999_abs_return,q9999_abs_return
100000,1,2.645106721716812,1.68520494798523,0.2341884778705525,8.721538146569705,0.6857601251179137,0.2836526148971575,0.5093892455948323
