zmax,pooled_fixed_R2,n_bins
0.3,0.952656115602486,12
0.4,0.9795364715366605,16
0.5,0.9913847167164169,20
0.6,0.9953878918528831,24
0.7,0.9964163105764967,28
0.8,0.9972708912436042,32
1.0,0.9980199073200418,40
