zmax,mean_perT_R2,worst_perT_R2,std_perT_R2
0.3,-14.436591197425438,-60.27558510602892,23.103257188420383
0.4,-2.775937401896121,-13.758819250415213,5.539028126306176
0.5,-0.27547216124882024,-3.9830560211476342,1.8699129449462049
0.6,0.49819551875882695,-0.9360180574138481,0.7237477833758545
0.7,0.7002788841979397,-0.21007153252592237,0.4571010241859789
0.8,0.806955441243605,0.24945272717304678,0.2797234824514612
1.0,0.8403063001224357,0.4015428876147916,0.22032073314788697
