n,seed,beta_mult,memory,eta,log_range,max_abs_return,q999_abs_return,q9999_abs_return
5000000,5,1.7198,15.275991,0.498969,71.22698600717074,5.567169190708154,0.20754050263149953,0.4481409027922711
