zmax,pooled_fixed_R2,n_bins
0.3,0.9684525183217634,12
0.4,0.9862610605721641,16
0.5,0.9940520334871161,20
0.6,0.9968310978222028,24
0.7,0.9934542876750067,28
0.8,0.9897091889708755,32
1.0,0.9881178822329024,40
