zmax,mean_perT_R2,worst_perT_R2,std_perT_R2
0.3,-0.039403993553187,-2.0346795263883477,1.0874748205533318
0.4,0.6964691414886375,0.19083084938831973,0.2815017054287086
0.5,0.858691396497975,0.5956193559033875,0.14060999331591492
0.6,0.9387392731021025,0.845700183160846,0.05166527554674427
0.7,0.9603863046545282,0.8993020943871062,0.032876771477897714
0.8,0.9582974254065795,0.8821495626399454,0.039465190068371306
1.0,0.9535758553250547,0.8496853076791931,0.05230613478088479
